<?xml version="1.0" encoding="UTF-8"?>
<project-private xmlns="http://www.netbeans.org/ns/project-private/1">
    <editor-bookmarks xmlns="http://www.netbeans.org/ns/editor-bookmarks/2" lastBookmarkId="0"/>
    <open-files xmlns="http://www.netbeans.org/ns/projectui-open-files/2">
        <group>
            <file>file:/C:/xampp/htdocs/tech_properties/admin_ads_approval.php</file>
            <file>file:/C:/xampp/htdocs/tech_properties/user_message_agent.php</file>
            <file>file:/C:/xampp/htdocs/tech_properties/agent_property_management.php</file>
            <file>file:/C:/xampp/htdocs/tech_properties/user_appointment_schedule_confirmed.php</file>
            <file>file:/C:/xampp/htdocs/tech_properties/agent_loan_eligibility_view_full_details.php</file>
            <file>file:/C:/xampp/htdocs/tech_properties/banker_loan_submission_view_full_details.php</file>
            <file>file:/C:/xampp/htdocs/tech_properties/banker_loan_submission_approve_process.php</file>
            <file>file:/C:/xampp/htdocs/tech_properties/property_listings.php</file>
            <file>file:/C:/xampp/htdocs/tech_properties/user_check_loan_eligible_agent.php</file>
            <file>file:/C:/xampp/htdocs/tech_properties/user_change_password.php</file>
            <file>file:/C:/xampp/htdocs/tech_properties/user_loan_submission_view_full_details.php</file>
            <file>file:/C:/xampp/htdocs/tech_properties/user_login.php</file>
            <file>file:/C:/xampp/htdocs/tech_properties/user_appointment_schedule_reschedule.php</file>
            <file>file:/C:/xampp/htdocs/tech_properties/agent_loan_eligibility_not_eligible.php</file>
            <file>file:/C:/xampp/htdocs/tech_properties/lawyer_set_appointment_user.php</file>
            <file>file:/C:/xampp/htdocs/tech_properties/agent_appointment_schedule_reshcedule.php</file>
            <file>file:/C:/xampp/htdocs/tech_properties/lawyer_appointment_sign_in.php</file>
            <file>file:/C:/xampp/htdocs/tech_properties/admin_manage_agent.php</file>
            <file>file:/C:/xampp/htdocs/tech_properties/user_submit_loan_application_agent.php</file>
            <file>file:/C:/xampp/htdocs/tech_properties/user_loan_eligibility_results.php</file>
            <file>file:/C:/xampp/htdocs/tech_properties/user_loan_submission_results.php</file>
            <file>file:/C:/xampp/htdocs/tech_properties/property_details.php</file>
            <file>file:/C:/xampp/htdocs/tech_properties/user_edit_profile.php</file>
            <file>file:/C:/xampp/htdocs/tech_properties/agent_loan_submission_view_full_details.php</file>
            <file>file:/C:/xampp/htdocs/tech_properties/banker_edit_profile.php</file>
            <file>file:/C:/xampp/htdocs/tech_properties/lawyer_loan_submission_view_full_details.php</file>
            <file>file:/C:/xampp/htdocs/tech_properties/user_appointment_schedule_cancel.php</file>
            <file>file:/C:/xampp/htdocs/tech_properties/admin_ads_deletion.php</file>
            <file>file:/C:/xampp/htdocs/tech_properties/agent_loan_submission_status.php</file>
            <file>file:/C:/xampp/htdocs/tech_properties/user_dashboard.php</file>
            <file>file:/C:/xampp/htdocs/tech_properties/agent_loan_submission_submit_to_banker.php</file>
            <file>file:/C:/xampp/htdocs/tech_properties/banker_loan_submission_reject.php</file>
            <file>file:/C:/xampp/htdocs/tech_properties/agent_property_management_view_full.php</file>
            <file>file:/C:/xampp/htdocs/tech_properties/package-lock.json</file>
            <file>file:/C:/xampp/htdocs/tech_properties/agent_property_management_sold.php</file>
            <file>file:/C:/xampp/htdocs/tech_properties/agent_loan_eligibility.php</file>
            <file>file:/C:/xampp/htdocs/tech_properties/banker_previous_loan_submission.php</file>
            <file>file:/C:/xampp/htdocs/tech_properties/banker_loan_submission.php</file>
            <file>file:/C:/xampp/htdocs/tech_properties/agent_property_management_add_new_property.php</file>
            <file>file:/C:/xampp/htdocs/tech_properties/banker_dashboard.php</file>
            <file>file:/C:/xampp/htdocs/tech_properties/banker_loan_submission_approve.php</file>
            <file>file:/C:/xampp/htdocs/tech_properties/user_appointment_schedule.php</file>
            <file>file:/C:/xampp/htdocs/tech_properties/user_loan_eligibility_view_full_details.php</file>
            <file>file:/C:/xampp/htdocs/tech_properties/banker_previous_loan_submission_view_full_details.php</file>
            <file>file:/C:/xampp/htdocs/tech_properties/agent_loan_eligibility_eligible.php</file>
            <file>file:/C:/xampp/htdocs/tech_properties/admin_manage_banker.php</file>
            <file>file:/C:/xampp/htdocs/tech_properties/banker_logout.php</file>
            <file>file:/C:/xampp/htdocs/tech_properties/agent_appointment_schedule.php</file>
            <file>file:/C:/xampp/htdocs/tech_properties/agent_loan_submission_reject.php</file>
            <file>file:/C:/xampp/htdocs/tech_properties/agent_loan_submission.php</file>
            <file>file:/C:/xampp/htdocs/tech_properties/admin_manage_lawyer.php</file>
            <file>file:/C:/xampp/htdocs/tech_properties/agent_appointment_schedule_cancel.php</file>
            <file>file:/C:/xampp/htdocs/tech_properties/adjin.php</file>
            <file>file:/C:/xampp/htdocs/tech_properties/user_fix_appointment_agent.php</file>
            <file>file:/C:/xampp/htdocs/tech_properties/agent_appointment_schedule_confirmed.php</file>
        </group>
    </open-files>
</project-private>
